{
  "sembol": "THYAO",
  "ad": "Türk Hava Yollari Anonim Ortakligi",
  "sektor": "Industrials",
  "endustri": "Airlines",
  "fiyat": 320.5,
  "piyasa_degeri": 442290000000.0,
  "degerleme": {
    "fk_oranı": 4.19,
    "fk_ileri": 4.450153,
    "peg_oranı": null,
    "pddd_oranı": 0.52,
    "fd_favok": 158.429,
    "fd_satıs": 19.272,
    "fiyat_satıs": 18.798546
  },
  "karlılık": {
    "ozsermaye_karlılıgı": 0.09592043974742251,
    "aktif_karlılık": 0.04511197327754638,
    "net_kar_marjı": 0.11695,
    "faaliyet_marjı": 0.14799,
    "brüt_marj": 0.16731001,
    "favok_marjı": 0.12164,
    "ozsermaye_istikrarı": 100,
    "ceyreklik_kar_trendi": [
      113357000000,
      -1854000000,
      24935000000,
      80951000000
    ]
  },
  "buyume": {
    "satıs_buyumesi": 0.049,
    "kar_buyumesi": -0.107,
    "earnings_quarterly_growth": -0.108
  },
  "borcluluk": {
    "borc_ozkaynak_oranı": 76.091,
    "cari_oran": 0.984,
    "likidite_oranı": 0.745,
    "interest_coverage": null
  },
  "temettu_verimi": {
    "temettu_oranı": 2.15,
    "dagıtım_oranı": 0.0859,
    "beta_katsayısı": -0.003,
    "52w_high": 352.5,
    "52w_low": 249.2
  },
  "nakit_akısı": {
    "free_cash_flow": 140149000000,
    "isletme_nakit_akısı": 140149000000,
    "price_to_free_cash_flow": null
  },
  "targets_consensus": {
    "target_high": 650.0,
    "target_low": 340.0,
    "target_mean": 455.4923,
    "target_median": 425.0,
    "recommendation": "strong_buy",
    "number_of_analysts": 13
  },
  "efficiency": {
    "revenue_per_employee": null,
    "revenue_per_share": 16.978,
    "asset_turnover": 0.3849795424325948,
    "operating_income": 18458000000
  },
  "uzman_skorları": {
    "piotroski_skoru": 6,
    "altman_z_iflas_riski": 0.9523727024606465,
    "graham_number": 169.60455624776122,
    "yasar_erdinc_potansiyel": 22.974922753105787,
    "magic_formula": {
      "ey": 0.04173279974677248,
      "roc": 0.013561638299982734
    },
    "canslim_score": 75,
    "strategic_radars": {
      "score": 3
    },
    "reel_buyume_koruması": false,
    "ihracat_gucu": 0,
    "master_skor": 42,
    "super_score": 75.0
  },
  "teknik_analiz": {
    "sma_50": 297.085,
    "ortalama_200": 294.5592825,
    "rsi_gucu": 57.66233766233766,
    "momentum_10d": -0.04896142433234418,
    "momentum_1m": 0.0647840531561461,
    "momentum_3m": 0.1729185727355902,
    "momentum_1y": 0.06434381792248711,
    "price_vs_sma200": 0.08806620276853772,
    "dolar_bazlı": {
      "dolar_fiyatı": 7.3125099819754045,
      "dolar_ortalama_200": 7.096466734350375,
      "dolar_ortalama_mesafesi": 0.030443776559858193
    }
  },
  "fiyat_gecmisi": [
    301.1245,
    308.4512,
    301.1245,
    307.2301,
    309.9165,
    318.7084,
    328.2331,
    327.9888,
    325.3024,
    322.8602,
    325.7908,
    329.9426,
    329.2099,
    326.2793,
    319.4411,
    294.2864,
    300.8803,
    279.1447,
    295.9958,
    304.7879,
    302.5899,
    301.3688,
    303.8109,
    297.9496,
    296.9728,
    297.7054,
    302.8341,
    301.1245,
    298.9266,
    298.9266,
    302.8341,
    306.009,
    312.6029,
    312.3587,
    316.022,
    311.626,
    307.7185,
    312.6029,
    314.0682,
    310.405,
    305.5205,
    290.8673,
    277.6793,
    285.9828,
    287.2039,
    285.006,
    272.3064,
    277.9236,
    287.2039,
    302.3456,
    297.4612,
    292.0883,
    286.9598,
    286.2271,
    280.1215,
    273.2834,
    277.6793,
    273.2834,
    273.5276,
    268.6432,
    270.1085,
    272.0623,
    266.9336,
    269.3758,
    277.1909,
    280.3658,
    279.8773,
    284.2733,
    283.7849,
    272.3064,
    257.6532,
    262.5448,
    259.0805,
    254.6264,
    249.4299,
    254.1315,
    250.4198,
    271.7005,
    268.7311,
    262.5448,
    265.0193,
    280.6087,
    287.5373,
    288.0322,
    288.5271,
    289.7644,
    284.5679,
    277.6393,
    283.8255,
    288.0322,
    290.0118,
    288.0322,
    282.0934,
    286.3001,
    286.0526,
    291.0016,
    294.2185,
    291.4965,
    292.9812,
    290.0118,
    287.2899,
    282.3408,
    284.3204,
    285.0628,
    285.8051,
    291.4965,
    292.4863,
    305.3537,
    305.8486,
    311.0451,
    312.5298,
    316.2415,
    320.9431,
    322.6753,
    327.6243,
    330.5937,
    335.0478,
    335.2952,
    333.5631,
    334.058,
    334.8003,
    339.9968,
    335.2952,
    336.5325,
    331.5835,
    334.058,
    327.5,
    329.25,
    322.5,
    319.5,
    309,
    316.75,
    322.5,
    316,
    314,
    331.75,
    327,
    321.5,
    317.75,
    319.75,
    326,
    324.75,
    324,
    328.25,
    319.75,
    319.25,
    315,
    315.75,
    315,
    311,
    305.5,
    313.75,
    310.25,
    312.5,
    313.75,
    309,
    302,
    300.75,
    296,
    292,
    297.75,
    294.5,
    288,
    284.25,
    297,
    295,
    292,
    290,
    291.5,
    294,
    289,
    290,
    292.5,
    289.5,
    278.25,
    273,
    268,
    271,
    269,
    268.5,
    267.5,
    277.5,
    276.25,
    273,
    270.25,
    273.25,
    274.25,
    272.5,
    272.75,
    276.5,
    279,
    275.5,
    270,
    270.25,
    272.25,
    271.5,
    270.5,
    269.5,
    272.25,
    274.25,
    273.25,
    274,
    274.5,
    277.25,
    272,
    270.5,
    271.25,
    271.25,
    268,
    264.5,
    267.75,
    268.5,
    274.25,
    277.75,
    288.5,
    290.75,
    294.5,
    291.5,
    291.5,
    287,
    280.25,
    287.75,
    292,
    295.75,
    292,
    297,
    299,
    301,
    299.25,
    294.25,
    298,
    302.25,
    304,
    305.75,
    318.75,
    320.5,
    317,
    322.5,
    329.5,
    333,
    331,
    337,
    347.75,
    347.75,
    345,
    328.25,
    312.5,
    320.5
  ],
  "sirket_kunyesi": {
    "yönetici": "Bilal Ekşi",
    "founded_date": "30/01/1960",
    "ipo_date": "20.12.1990",
    "sektor": "Yurtiçi ve yurtdışı her türlü hava taşımacılığı",
    "calısan_sayısı": "65678",
    "adres": "Türk Hava Yolları Genel Yönetim Binası,Yeşilköy Mahallesi, Havaalanı Cad. No:3/1 BAKIRKÖY  / İSTANBUL",
    "headquarters": "TR",
    "hakkında": "THYAO şirketiyle ilgili bilmen gerekenleri aşağıda bulabilirsin.\n                                THYAO ile ilgili tüm güncel haberler, analist yorumları ve analist\n                                tavsiyeleri ise Midas'ın Kulakları'nda seni bekliyor"
  },
  "last_updated": "2026-02-21T17:04:55.472851",
  "sektorel_kıyas": {
    "sektor_fk_medyanı": 24.66,
    "sektore_gore_iskonto": -0.8300892133008921
  },
  "piyasa_sıralaması": {
    "fk_sırası": "4/117",
    "pe_rank_int": 4,
    "temettu_sırası": "10/117",
    "buyume_sırası": "48/117",
    "genel_sıralama": "27/117",
    "master_score_rank": "27/117"
  },
  "yapay_zeka_notu": "Genel skor (42/100) seçici olunması gerektiğini gösteriyor. Dolar bazlı fiyatı, 200 günlük ortalamasına çok yakın; bu stratejik bir 'Dolar Bazlı Dip' seviyesi olabilir."
}
